newstitle, newscomname
주식초보 60대 "증권사 직원 말믿고 5억 투자했다가 4년만에..",연합뉴스
[단독] 노원구 세모녀 시신 옆에서.. 사흘간 밥 먹고 맥주 마셨다,조선일보
[단독] 아파트 지어 100억 수익 낸 윤석열 장모 '농지법 위반' 투기 의혹,한겨레
[현장] "얼마 안 갈 것 같은데요"..90주만에 전셋값 내린 마포구 가보니,데일리안
"스쿼트 기구 그만써라" 헬스장 40대·20대 말다툼 폭행으로,뉴스1
원룸 140채 자산가가 말했다.."2014년보다 2012년 건물 사라",머니투데이
'청학동 서당' 탈출..하동서 걸어 산청, 다시 버스 타고 진주로,뉴스1
마이크 훔쳐 달아난 리트리버..생방송 기자와 황당 추격전 [영상],중앙일보
[영상] 이낙연, 박영선 옆에서 "박영선의 두 얼굴을 폭로할까 합니다",뉴스1
"월 수백만원 번다" 달콤한 유혹.. 돈만 잃고 탈퇴도 어려워,국민일보
생태탕집 아들 "오세훈 분명히 왔다"..오늘 회견, 카드내역 공개,머니투데이
[사진 속 어제와 오늘] 청계천,연합뉴스
호남고속도로서 넘어진 트레일러,연합뉴스
'막판 헛발질'에 표 떨어지는 소리,서울신문
머스크가 옳았다..테슬라 중국서 대박,뉴스1
[단독]빈집 월세 6개월 냈다..일각선 "구미 친모 임신거부증",중앙일보
中억지에 분노한 한인 고교생들..美도시 설득 '한복의 날' 제정,연합뉴스
"물병에 소변 본다" 직원 폭로 무시했던 아마존의 결말,국민일보
[D-2]손발 안 맞는 與..후보도 모르는 '중대결심'에 진땀,뉴스1
캘리포니아 아시아계 여성 흉기 찔려 사망, 며칠 전 풀려난 노숙인이 공격,서울신문
'생태탕' 논란에 입연 오세훈 "허무맹랑.. 모순 밝혀져",국민일보
[단독] 내곡동 생태탕집 아들 "오세훈 분명히 왔다..5일 기자회견에서 밝힐 것",한겨레
나경원 "박영선 심정, 누구보다 내가 잘 알아..뭘 해도 안 돼",이데일리
"내 여친 술자리 불러낸 은행지점장, 분해 미치겠다",국민일보
50대 가장 앗아간 을왕리참극..갈라진 남녀, 판결도 갈렸다,중앙일보
손녀뻘에 못된 손 뻗은 70대.."술먹고 실수" 뻔뻔 변명,뉴시스
"영끌한 1500억 사라져" 지역주택조합 '사기'에 수백명 눈물,머니투데이
'생떼탕' 조롱받은 생태탕집 아들, 오늘 기자회견.. "카드내역 뽑아오겠다",세계일보
벽을 뜯어내니 백남준이 나왔다,서울경제
내곡동 외칠수록 박영선 사라졌다..사라진 인물론, 與 딜레마,중앙일보
노원⋅도봉 간 박영선 "'1번' 속삭이던 사람들, 크게 얘기..선거 뒤집히고 있다",조선비즈
[포착] 봄비에 무너진 종로구 한양도성 성벽,국민일보
[제보는Y] "누런 물에 쇳가루까지"..파주 신축 아파트에 무슨 일이?,YTN
이성윤, 차기 총장 인선 구도에 '태풍의 눈' 되나,연합뉴스
'간첩' 누명에 떠돌다 귀천 후에야 고향땅 밟은 세계적 작곡가,프레시안
"내가 오세훈이다"..吳 청년 유세에 등장한 생태탕 선글라스와 수강생,조선비즈
"이제 떨어질 일만 남은 것 같네요".. 숨 고르는 서울 아파트값,세계일보
"길원옥 할머니 갈비뼈 골절, 윤미향은 가족에도 안 알렸다",중앙일보
밀크티가 뭐길래.. 中가게앞 5만명 줄,조선일보
집단면역 선언 이스라엘군, '마스크 벗기' 실험,연합뉴스
뒤뜰에 벤치 놨을 뿐인데.. 애들이 보여준 놀라운 변화,국민일보
[단독]"내 딸들 성추행한 그놈, 버젓이 우리 동네 활보"..'소름',뉴스1
"헬스기구 오래쓴다" 머리채 잡고 질질끈 40대..벌금형,뉴시스
LH사태 덮으려 全공직자 재산신고 강요하는 文정부..전담 공무원 수천명 증원 '뻔한 일',조선비즈
오세훈 "TBS도 중립예외 아니다. 시장되면 文정부에 옐로카드",국민일보
두둑한 보너스에 연봉인상에도..'노조설립 바람' 거세지는 IT 업계,뉴스1
[김보겸의 일본in]수십조원 빚더미 도쿄올림픽 日이 강행하는 이유,이데일리
"'OOO외 O명' 명부 오늘부터 안돼요"..계도기간 종료 '무관용 과태료',뉴시스
金측 "朴 6대 게이트 의혹 사죄 안 하면 법적 조치" 朴측 "金, 전세금 계속 올려.. 부동산 위선 끝판왕",서울신문
아이폰13 실물모형 등장..줄어든 노치 또 달라진 점,머니투데이
